-- --------------------------------------------------------
-- Servidor:                     127.0.0.1
-- Versão do servidor:           8.0.13 - MySQL Community Server - GPL
-- OS do Servidor:               Win64
-- HeidiSQL Versão:              10.1.0.5464
-- --------------------------------------------------------

/*!40101 SET @OLD_CHARACTER_SET_CLIENT=@@CHARACTER_SET_CLIENT */;
/*!40101 SET NAMES utf8 */;
/*!50503 SET NAMES utf8mb4 */;
/*!40014 SET @OLD_FOREIGN_KEY_CHECKS=@@FOREIGN_KEY_CHECKS, FOREIGN_KEY_CHECKS=0 */;
/*!40101 SET @OLD_SQL_MODE=@@SQL_MODE, SQL_MODE='NO_AUTO_VALUE_ON_ZERO' */;


-- Copiando estrutura do banco de dados para gincana
DROP DATABASE IF EXISTS `gincana`;
CREATE DATABASE IF NOT EXISTS `gincana` /*!40100 DEFAULT CHARACTER SET utf8mb4 COLLATE utf8mb4_0900_ai_ci */;
USE `gincana`;

-- Copiando estrutura para tabela gincana.ci_sessions
DROP TABLE IF EXISTS `ci_sessions`;
CREATE TABLE IF NOT EXISTS `ci_sessions` (
  `id` varchar(128) NOT NULL,
  `ip_address` varchar(45) NOT NULL,
  `timestamp` int(10) unsigned NOT NULL DEFAULT '0',
  `data` blob NOT NULL,
  KEY `ci_sessions_timestamp` (`timestamp`)
) ENGINE=InnoDB DEFAULT CHARSET=utf8mb4 COLLATE=utf8mb4_0900_ai_ci;

-- Copiando dados para a tabela gincana.ci_sessions: ~57 rows (aproximadamente)
DELETE FROM `ci_sessions`;
/*!40000 ALTER TABLE `ci_sessions` DISABLE KEYS */;
INSERT INTO `ci_sessions` (`id`, `ip_address`, `timestamp`, `data`) VALUES
	('cvcufh733onisrkbvutjnkolk5bo34at', '127.0.0.1', 1558136301, _binary 0x5F5F63695F6C6173745F726567656E65726174657C693A313535383133363330313B6964557365727C733A313A2231223B656D61696C7C733A31383A224C614D616E63686140676D61696C2E636F6D223B6C6F6761646F7C623A313B),
	('vepui63uvtciq8c9vadm9u6leeae13a8', '127.0.0.1', 1558136661, _binary 0x5F5F63695F6C6173745F726567656E65726174657C693A313535383133363636313B6964557365727C733A313A2231223B656D61696C7C733A31383A224C614D616E63686140676D61696C2E636F6D223B6C6F6761646F7C623A313B6D656E736167656D7C733A33303A2245717569706520616C74657261646120636F6D207375636573736F212121223B5F5F63695F766172737C613A313A7B733A383A226D656E736167656D223B733A333A226F6C64223B7D),
	('7sm76lj8mvq1gba59531lla9m3ve6js2', '127.0.0.1', 1558136967, _binary 0x5F5F63695F6C6173745F726567656E65726174657C693A313535383133363936373B6964557365727C733A313A2231223B656D61696C7C733A31383A224C614D616E63686140676D61696C2E636F6D223B6C6F6761646F7C623A313B),
	('8hauvobv08j6790jfbvrlp8q3vmhp3dc', '127.0.0.1', 1558137303, _binary 0x5F5F63695F6C6173745F726567656E65726174657C693A313535383133373330333B6964557365727C733A313A2231223B656D61696C7C733A31383A224C614D616E63686140676D61696C2E636F6D223B6C6F6761646F7C623A313B),
	('pg23onn3p8psesimbr1kv4mvfd9dnkf0', '127.0.0.1', 1558137688, _binary 0x5F5F63695F6C6173745F726567656E65726174657C693A313535383133373638383B6964557365727C733A313A2231223B656D61696C7C733A31383A224C614D616E63686140676D61696C2E636F6D223B6C6F6761646F7C623A313B),
	('otvkvdp27dmb8sujjrk9n3rb3d93noao', '127.0.0.1', 1558138006, _binary 0x5F5F63695F6C6173745F726567656E65726174657C693A313535383133383030363B6964557365727C733A313A2231223B656D61696C7C733A31383A224C614D616E63686140676D61696C2E636F6D223B6C6F6761646F7C623A313B),
	('8552gpegr9gu126e40451c9pc8c9a6m4', '127.0.0.1', 1558138340, _binary 0x5F5F63695F6C6173745F726567656E65726174657C693A313535383133383334303B6964557365727C733A313A2231223B656D61696C7C733A31383A224C614D616E63686140676D61696C2E636F6D223B6C6F6761646F7C623A313B),
	('nnhe03nar500amukcpe5ukq4sr78oalk', '127.0.0.1', 1558138992, _binary 0x5F5F63695F6C6173745F726567656E65726174657C693A313535383133383939323B6964557365727C733A313A2231223B656D61696C7C733A31383A224C614D616E63686140676D61696C2E636F6D223B6C6F6761646F7C623A313B),
	('t888q9dgd3smbbbu1823pv12v8tll0g7', '127.0.0.1', 1558138669, _binary 0x5F5F63695F6C6173745F726567656E65726174657C693A313535383133383636383B6964557365727C733A313A2231223B656D61696C7C733A31383A224C614D616E63686140676D61696C2E636F6D223B6C6F6761646F7C623A313B),
	('jqsuue2h3q1r08an7il7k0k87ps3101m', '127.0.0.1', 1558139309, _binary 0x5F5F63695F6C6173745F726567656E65726174657C693A313535383133393330393B6964557365727C733A313A2231223B656D61696C7C733A31383A224C614D616E63686140676D61696C2E636F6D223B6C6F6761646F7C623A313B),
	('ad59sealhdeeb15di8gigdopss08ro8t', '127.0.0.1', 1558139622, _binary 0x5F5F63695F6C6173745F726567656E65726174657C693A313535383133393632323B6964557365727C733A313A2231223B656D61696C7C733A31383A224C614D616E63686140676D61696C2E636F6D223B6C6F6761646F7C623A313B),
	('3njv6qde2icanl7etg3en7uk16plpe8u', '127.0.0.1', 1558139950, _binary 0x5F5F63695F6C6173745F726567656E65726174657C693A313535383133393935303B6964557365727C733A313A2231223B656D61696C7C733A31383A224C614D616E63686140676D61696C2E636F6D223B6C6F6761646F7C623A313B),
	('ocb5bv9dcje5e0bajk5d9miocvm3moaf', '127.0.0.1', 1558140331, _binary 0x5F5F63695F6C6173745F726567656E65726174657C693A313535383134303333313B6964557365727C733A313A2231223B656D61696C7C733A31383A224C614D616E63686140676D61696C2E636F6D223B6C6F6761646F7C623A313B),
	('obm2am9d16b3nbb8gboutpfd2udr9h4e', '127.0.0.1', 1558140525, _binary 0x5F5F63695F6C6173745F726567656E65726174657C693A313535383134303333313B6964557365727C733A313A2231223B656D61696C7C733A31383A224C614D616E63686140676D61696C2E636F6D223B6C6F6761646F7C623A313B);
/*!40000 ALTER TABLE `ci_sessions` ENABLE KEYS */;

-- Copiando estrutura para tabela gincana.equipe
DROP TABLE IF EXISTS `equipe`;
CREATE TABLE IF NOT EXISTS `equipe` (
  `id` int(11) NOT NULL AUTO_INCREMENT,
  `nome` varchar(200) NOT NULL,
  `imagem` varchar(250) DEFAULT NULL,
  PRIMARY KEY (`id`)
) ENGINE=InnoDB AUTO_INCREMENT=9 DEFAULT CHARSET=utf8mb4 COLLATE=utf8mb4_0900_ai_ci;

-- Copiando dados para a tabela gincana.equipe: ~2 rows (aproximadamente)
DELETE FROM `equipe`;
/*!40000 ALTER TABLE `equipe` DISABLE KEYS */;
INSERT INTO `equipe` (`id`, `nome`, `imagem`) VALUES
	(2, ' Mochi Mochi        ', 'c415808e68252e295b818517196ca7ec.jpg'),
	(3, ' Merha  ', 'c01fe8ec1fc8929d7092e593e6805308.jpg'),
	(7, 'Penguim', '63599fb930bcb0fb3dd07ecb1e18c898.jpg'),
	(8, ' Yellow', 'c71961d2866ade48858dc737f4a90981.jpg');
/*!40000 ALTER TABLE `equipe` ENABLE KEYS */;

-- Copiando estrutura para tabela gincana.integrante
DROP TABLE IF EXISTS `integrante`;
CREATE TABLE IF NOT EXISTS `integrante` (
  `id` int(11) NOT NULL AUTO_INCREMENT,
  `nome` varchar(100) NOT NULL,
  `id_equipe` int(11) NOT NULL,
  `dataNascimento` date DEFAULT NULL,
  `rg` varchar(11) DEFAULT NULL,
  `cpf` varchar(11) DEFAULT NULL,
  PRIMARY KEY (`id`),
  KEY `FK_integrante_equipe` (`id_equipe`),
  CONSTRAINT `FK_integrante_equipe` FOREIGN KEY (`id_equipe`) REFERENCES `equipe` (`id`)
) ENGINE=InnoDB AUTO_INCREMENT=6 DEFAULT CHARSET=utf8mb4 COLLATE=utf8mb4_0900_ai_ci;

-- Copiando dados para a tabela gincana.integrante: ~2 rows (aproximadamente)
DELETE FROM `integrante`;
/*!40000 ALTER TABLE `integrante` DISABLE KEYS */;
INSERT INTO `integrante` (`id`, `nome`, `id_equipe`, `dataNascimento`, `rg`, `cpf`) VALUES
	(4, ' Felipe', 2, '2001-03-09', '1234565453', ' 1211231334'),
	(5, ' Pimentinha ', 3, '2019-05-08', '12345654533', ' 1212333331');
/*!40000 ALTER TABLE `integrante` ENABLE KEYS */;

-- Copiando estrutura para tabela gincana.pontuacao
DROP TABLE IF EXISTS `pontuacao`;
CREATE TABLE IF NOT EXISTS `pontuacao` (
  `id` int(11) NOT NULL AUTO_INCREMENT,
  `id_equipe` int(11) NOT NULL,
  `id_prova` int(11) NOT NULL,
  `id_user` int(11) DEFAULT NULL,
  `pontos` float NOT NULL,
  `data_hora` datetime DEFAULT NULL,
  PRIMARY KEY (`id`),
  KEY `FK_pontuacao_equipe` (`id_equipe`),
  KEY `FK_pontuacao_prova` (`id_prova`),
  KEY `FK_pontuacao_user` (`id_user`),
  CONSTRAINT `FK_pontuacao_equipe` FOREIGN KEY (`id_equipe`) REFERENCES `equipe` (`id`),
  CONSTRAINT `FK_pontuacao_prova` FOREIGN KEY (`id_prova`) REFERENCES `prova` (`id`),
  CONSTRAINT `FK_pontuacao_user` FOREIGN KEY (`id_user`) REFERENCES `user` (`id`)
) ENGINE=InnoDB AUTO_INCREMENT=6 DEFAULT CHARSET=utf8mb4 COLLATE=utf8mb4_0900_ai_ci;

-- Copiando dados para a tabela gincana.pontuacao: ~3 rows (aproximadamente)
DELETE FROM `pontuacao`;
/*!40000 ALTER TABLE `pontuacao` DISABLE KEYS */;
INSERT INTO `pontuacao` (`id`, `id_equipe`, `id_prova`, `id_user`, `pontos`, `data_hora`) VALUES
	(1, 3, 8, 1, 20, '2019-05-10 21:30:36'),
	(2, 2, 6, NULL, 20, NULL),
	(4, 3, 8, NULL, 50, NULL),
	(5, 2, 8, NULL, 50, NULL);
/*!40000 ALTER TABLE `pontuacao` ENABLE KEYS */;

-- Copiando estrutura para tabela gincana.prova
DROP TABLE IF EXISTS `prova`;
CREATE TABLE IF NOT EXISTS `prova` (
  `id` int(11) NOT NULL AUTO_INCREMENT,
  `tempo` int(5) DEFAULT NULL,
  `descricao` text,
  `NIntegrantes` tinyint(2) DEFAULT NULL,
  `nome` varchar(60) DEFAULT NULL,
  PRIMARY KEY (`id`)
) ENGINE=InnoDB AUTO_INCREMENT=10 DEFAULT CHARSET=utf8mb4 COLLATE=utf8mb4_0900_ai_ci;

-- Copiando dados para a tabela gincana.prova: ~1 rows (aproximadamente)
DELETE FROM `prova`;
/*!40000 ALTER TABLE `prova` DISABLE KEYS */;
INSERT INTO `prova` (`id`, `tempo`, `descricao`, `NIntegrantes`, `nome`) VALUES
	(6, 15, ' Correr ate um determinado ponto passando por vários obstáculos.        ', 1, ' Corrida Maluca  2      '),
	(8, 25, ' Comer pimenta ate não aguentar.', 15, ' Pimentinha  '),
	(9, 25, 'Comer pimenta de novo.', 10, ' Pimentinha 2  ');
/*!40000 ALTER TABLE `prova` ENABLE KEYS */;

-- Copiando estrutura para tabela gincana.user
DROP TABLE IF EXISTS `user`;
CREATE TABLE IF NOT EXISTS `user` (
  `id` int(11) NOT NULL AUTO_INCREMENT,
  `email` varchar(200) NOT NULL,
  `senha` varchar(80) NOT NULL,
  PRIMARY KEY (`id`)
) ENGINE=InnoDB AUTO_INCREMENT=2 DEFAULT CHARSET=utf8;

-- Copiando dados para a tabela gincana.user: ~0 rows (aproximadamente)
DELETE FROM `user`;
/*!40000 ALTER TABLE `user` DISABLE KEYS */;
INSERT INTO `user` (`id`, `email`, `senha`) VALUES
	(1, 'LaMancha@gmail.com', '4ca75d665af6873d3eed9661ca75f400975b18ca');
/*!40000 ALTER TABLE `user` ENABLE KEYS */;

/*!40101 SET SQL_MODE=IFNULL(@OLD_SQL_MODE, '') */;
/*!40014 SET FOREIGN_KEY_CHECKS=IF(@OLD_FOREIGN_KEY_CHECKS IS NULL, 1, @OLD_FOREIGN_KEY_CHECKS) */;
/*!40101 SET CHARACTER_SET_CLIENT=@OLD_CHARACTER_SET_CLIENT */;
